insert into users(username, password, enabled) values('cberg@skillstorm.com','$2a$10$EIKyduMqlpJ/Njiqy1Isa.imNySLWrqTw/eVNHltjQz6E01utIqim',true);
insert into users(username, password, enabled) values('therock@google.com','$2a$10$1VTB2Ac4EjvPWNtIbw/AuOBj4wZDDzY9WNEVCOZxfnrKjjVsfbhtC',true);
insert into users(username, password, enabled) values('jstatham@ymail.com','$2a$10$ncWMHnYyL8eQyZVvvcNk9eX7kKk/5DlzLfyuFEvMrSb0UZHXuM1Qa',true);
insert into users(username, password, enabled) values('jchan@aol.com','$2a$10$uqh10iPkFODdj/YwLKrqPO6S/JIEsfY9rlwpeuUZ66xO2wVXpBFMG',true);

insert into authorities(username, authority) values('cberg@skillstorm.com', 'ADMIN');
insert into authorities(username, authority) values('cberg@skillstorm.com', 'USER');
insert into authorities(username, authority) values('therock@google.com', 'USER');
insert into authorities(username, authority) values('jstatham@ymail.com', 'USER');
insert into authorities(username, authority) values('jchan@aol.com', 'USER');


insert into application_user(email, first_name, last_name, date_of_birth, password) values('cberg@skillstorm.com', 'Cameron', 'Berg', '2000-01-28', 'hello');
insert into application_user(email, first_name, last_name, date_of_birth, password) values('therock@google.com', 'Dwayne', 'Johnson', '1972-05-02', 'rock');
insert into application_user(email, first_name, last_name, date_of_birth, password) values('jstatham@ymail.com', 'Jason', 'Statham', '1967-07-26', 'england');
insert into application_user(email, first_name, last_name, date_of_birth, password) values('jchan@aol.com', 'Jackie', 'Chan', '1954-04-07', 'action');

insert into goals (name, description, image_src, target_date, target_amount, current_amount, user_id) values ('You''re a Good Man, Charlie Brown', 'Centralized web-enabled forecast', 'http://dummyimage.com/105x100.png/dddddd/000000', '2023-03-14', 61595.54, 5276.32, 'cberg@skillstorm.com');
insert into goals (name, description, image_src, target_date, target_amount, current_amount, user_id) values ('River Murders, The', 'Balanced 24/7 moratorium', 'http://dummyimage.com/189x100.png/cc0000/ffffff', '2023-01-18', 79426.37, 6931.77, 'cberg@skillstorm.com');
insert into goals (name, description, image_src, target_date, target_amount, current_amount, user_id) values ('Death Racers', 'Polarised asynchronous conglomeration', 'http://dummyimage.com/157x100.png/dddddd/000000', '2023-02-04', 55500.74, 4597.43, 'cberg@skillstorm.com');
insert into goals (name, description, image_src, target_date, target_amount, current_amount, user_id) values ('Architecture of Doom, The (Undergångens arkitektur)', 'Right-sized real-time Graphical User Interface', 'http://dummyimage.com/199x100.png/dddddd/000000', '2023-04-12', 81286.39, 4300.47, 'cberg@skillstorm.com');
insert into goals (name, description, image_src, target_date, target_amount, current_amount, user_id) values ('Chinoise, La', 'Object-based exuding approach', 'http://dummyimage.com/198x100.png/cc0000/ffffff', '2023-03-30', 54671.87, 7199.54, 'cberg@skillstorm.com');
insert into goals (name, description, image_src, target_date, target_amount, current_amount, user_id) values ('The Call of the Wild', 'Profit-focused impactful artificial intelligence', 'http://dummyimage.com/105x100.png/ff4444/ffffff', '2023-04-09', 75336.61, 6404.29, 'cberg@skillstorm.com');
insert into goals (name, description, image_src, target_date, target_amount, current_amount, user_id) values ('Good Neighbor Sam', 'Expanded tertiary artificial intelligence', 'http://dummyimage.com/166x100.png/5fa2dd/ffffff', '2022-11-20', 90333.87, 3871.9, 'cberg@skillstorm.com');
insert into goals (name, description, image_src, target_date, target_amount, current_amount, user_id) values ('Killing Room, The', 'Stand-alone secondary strategy', 'http://dummyimage.com/220x100.png/dddddd/000000', '2023-01-01', 57093.97, 6186.82, 'cberg@skillstorm.com');
insert into goals (name, description, image_src, target_date, target_amount, current_amount, user_id) values ('Philadelphia', 'Innovative stable framework', 'http://dummyimage.com/186x100.png/ff4444/ffffff', '2022-12-28', 85721.61, 7920.44, 'cberg@skillstorm.com');
insert into goals (name, description, image_src, target_date, target_amount, current_amount, user_id) values ('Hardball', 'Devolved actuating encryption', 'http://dummyimage.com/197x100.png/cc0000/ffffff', '2023-04-14', 41289.12, 5642.22, 'cberg@skillstorm.com');
insert into goals (name, description, image_src, target_date, target_amount, current_amount, user_id) values ('Paragraph 175', 'Enterprise-wide even-keeled synergy', 'http://dummyimage.com/213x100.png/dddddd/000000', '2023-03-24', 90145.35, 6786.8, 'cberg@skillstorm.com');
insert into goals (name, description, image_src, target_date, target_amount, current_amount, user_id) values ('On the Outs', 'De-engineered leading edge Graphical User Interface', 'http://dummyimage.com/123x100.png/5fa2dd/ffffff', '2022-12-21', 17830.57, 6430.39, 'cberg@skillstorm.com');
insert into goals (name, description, image_src, target_date, target_amount, current_amount, user_id) values ('Strawberry Blonde, The', 'Ergonomic static knowledge user', 'http://dummyimage.com/199x100.png/ff4444/ffffff', '2023-01-03', 40461.05, 7057.46, 'cberg@skillstorm.com');
insert into goals (name, description, image_src, target_date, target_amount, current_amount, user_id) values ('Tough Ones, The (Häjyt)', 'Visionary national attitude', 'http://dummyimage.com/250x100.png/cc0000/ffffff', '2023-04-20', 55408.99, 9360.01, 'cberg@skillstorm.com');
insert into goals (name, description, image_src, target_date, target_amount, current_amount, user_id) values ('Crystal Lake Memories: The Complete History of Friday the 13th', 'Automated upward-trending support', 'http://dummyimage.com/181x100.png/dddddd/000000', '2023-02-26', 27697.17, 4925.28, 'cberg@skillstorm.com');
insert into goals (name, description, image_src, target_date, target_amount, current_amount, user_id) values ('Tripping the Rift: The Movie', 'Reverse-engineered bifurcated product', 'http://dummyimage.com/108x100.png/dddddd/000000', '2023-02-22', 55508.82, 8633.03, 'cberg@skillstorm.com');
insert into goals (name, description, image_src, target_date, target_amount, current_amount, user_id) values ('Pressed', 'Optional uniform adapter', 'http://dummyimage.com/136x100.png/5fa2dd/ffffff', '2023-03-09', 14752.57, 1227.96, 'cberg@skillstorm.com');
insert into goals (name, description, image_src, target_date, target_amount, current_amount, user_id) values ('City of Men (Cidade dos Homens)', 'Integrated attitude-oriented contingency', 'http://dummyimage.com/232x100.png/cc0000/ffffff', '2023-02-14', 58119.28, 3739.8, 'cberg@skillstorm.com');
insert into goals (name, description, image_src, target_date, target_amount, current_amount, user_id) values ('Bambou', 'Organic non-volatile capability', 'http://dummyimage.com/228x100.png/dddddd/000000', '2023-03-30', 95426.11, 1971.48, 'cberg@skillstorm.com');
insert into goals (name, description, image_src, target_date, target_amount, current_amount, user_id) values ('Nadja', 'Realigned real-time encoding', 'http://dummyimage.com/156x100.png/ff4444/ffffff', '2023-02-26', 18111.01, 4138.27, 'cberg@skillstorm.com');
insert into goals (name, description, image_src, target_date, target_amount, current_amount, user_id) values ('Crossroads', 'Exclusive non-volatile array', 'http://dummyimage.com/181x100.png/cc0000/ffffff', '2022-12-16', 17302.31, 4134.9, 'cberg@skillstorm.com');
insert into goals (name, description, image_src, target_date, target_amount, current_amount, user_id) values ('Fool''s Gold', 'Right-sized analyzing task-force', 'http://dummyimage.com/241x100.png/5fa2dd/ffffff', '2023-01-10', 33063.62, 4392.25, 'cberg@skillstorm.com');
insert into goals (name, description, image_src, target_date, target_amount, current_amount, user_id) values ('C(r)ook (Basta - Rotwein Oder Totsein)', 'Inverse tertiary matrices', 'http://dummyimage.com/125x100.png/ff4444/ffffff', '2022-11-19', 12173.7, 1875.41, 'cberg@skillstorm.com');
insert into goals (name, description, image_src, target_date, target_amount, current_amount, user_id) values ('Trekkies 2', 'Vision-oriented fresh-thinking standardization', 'http://dummyimage.com/130x100.png/ff4444/ffffff', '2022-11-30', 11709.67, 1984.41, 'cberg@skillstorm.com');
insert into goals (name, description, image_src, target_date, target_amount, current_amount, user_id) values ('Seeking Justice', 'Organized directional knowledge base', 'http://dummyimage.com/201x100.png/cc0000/ffffff', '2022-12-23', 63028.4, 8355.66, 'cberg@skillstorm.com');
insert into goals (name, description, image_src, target_date, target_amount, current_amount, user_id) values ('Retroactive', 'Profit-focused transitional forecast', 'http://dummyimage.com/219x100.png/cc0000/ffffff', '2023-01-10', 50518.43, 8716.87, 'therock@google.com');
insert into goals (name, description, image_src, target_date, target_amount, current_amount, user_id) values ('Ash Wednesday', 'Enhanced systematic info-mediaries', 'http://dummyimage.com/107x100.png/5fa2dd/ffffff', '2022-12-04', 22200.25, 6531.4, 'therock@google.com');
insert into goals (name, description, image_src, target_date, target_amount, current_amount, user_id) values ('Postal', 'Down-sized mission-critical leverage', 'http://dummyimage.com/204x100.png/5fa2dd/ffffff', '2023-04-23', 96149.41, 4195.74, 'therock@google.com');
insert into goals (name, description, image_src, target_date, target_amount, current_amount, user_id) values ('Harmontown', 'Grass-roots empowering archive', 'http://dummyimage.com/247x100.png/ff4444/ffffff', '2022-11-28', 47818.91, 2420.23, 'therock@google.com');
insert into goals (name, description, image_src, target_date, target_amount, current_amount, user_id) values ('Ballistic: Ecks vs. Sever', 'Synchronised impactful utilisation', 'http://dummyimage.com/204x100.png/ff4444/ffffff', '2023-04-21', 50337.24, 9148.62, 'therock@google.com');
insert into goals (name, description, image_src, target_date, target_amount, current_amount, user_id) values ('Klansman, The', 'Monitored discrete instruction set', 'http://dummyimage.com/212x100.png/cc0000/ffffff', '2023-04-22', 15561.87, 1800.5, 'therock@google.com');
insert into goals (name, description, image_src, target_date, target_amount, current_amount, user_id) values ('Prisoners of the Lost Universe', 'Compatible mobile orchestration', 'http://dummyimage.com/163x100.png/cc0000/ffffff', '2022-12-19', 34920.74, 6439.18, 'therock@google.com');
insert into goals (name, description, image_src, target_date, target_amount, current_amount, user_id) values ('Looking for Eric', 'Polarised discrete middleware', 'http://dummyimage.com/206x100.png/dddddd/000000', '2023-03-17', 71526.86, 2600.54, 'therock@google.com');
insert into goals (name, description, image_src, target_date, target_amount, current_amount, user_id) values ('Silkwood', 'Business-focused didactic framework', 'http://dummyimage.com/120x100.png/dddddd/000000', '2022-11-24', 17217.98, 2271.15, 'therock@google.com');
insert into goals (name, description, image_src, target_date, target_amount, current_amount, user_id) values ('Blow-Up (Blowup)', 'Persistent context-sensitive emulation', 'http://dummyimage.com/194x100.png/5fa2dd/ffffff', '2023-02-03', 87847.69, 9784.25, 'therock@google.com');
insert into goals (name, description, image_src, target_date, target_amount, current_amount, user_id) values ('Medicine for Melancholy', 'Seamless executive matrices', 'http://dummyimage.com/193x100.png/5fa2dd/ffffff', '2022-12-11', 59123.8, 6594.34, 'therock@google.com');
insert into goals (name, description, image_src, target_date, target_amount, current_amount, user_id) values ('Next Day Air', 'Exclusive mobile benchmark', 'http://dummyimage.com/142x100.png/5fa2dd/ffffff', '2023-02-21', 55987.58, 3978.07, 'therock@google.com');
insert into goals (name, description, image_src, target_date, target_amount, current_amount, user_id) values ('Don''t Go Near the Water', 'Cross-group dynamic architecture', 'http://dummyimage.com/198x100.png/ff4444/ffffff', '2022-12-29', 60964.89, 5102.96, 'therock@google.com');
insert into goals (name, description, image_src, target_date, target_amount, current_amount, user_id) values ('Tale of the Wind, A (Histoire de vent, Une)', 'Seamless web-enabled framework', 'http://dummyimage.com/138x100.png/ff4444/ffffff', '2023-04-08', 74423.85, 9305.23, 'jstatham@ymail.com');
insert into goals (name, description, image_src, target_date, target_amount, current_amount, user_id) values ('Cathy Come Home', 'Public-key incremental capacity', 'http://dummyimage.com/229x100.png/dddddd/000000', '2023-03-09', 92957.14, 8762.91, 'jstatham@ymail.com');
insert into goals (name, description, image_src, target_date, target_amount, current_amount, user_id) values ('Drunken Angel (Yoidore tenshi)', 'Monitored tertiary structure', 'http://dummyimage.com/170x100.png/dddddd/000000', '2023-03-23', 72979.21, 4509.76, 'jstatham@ymail.com');
insert into goals (name, description, image_src, target_date, target_amount, current_amount, user_id) values ('Incendiary', 'Enhanced empowering methodology', 'http://dummyimage.com/162x100.png/5fa2dd/ffffff', '2022-12-18', 21868.98, 1003.35, 'jstatham@ymail.com');
insert into goals (name, description, image_src, target_date, target_amount, current_amount, user_id) values ('Living and the Dead, The', 'Intuitive asynchronous hierarchy', 'http://dummyimage.com/118x100.png/ff4444/ffffff', '2023-03-30', 60910.85, 157.5, 'jstatham@ymail.com');
insert into goals (name, description, image_src, target_date, target_amount, current_amount, user_id) values ('Don''t Look in the Basement!', 'Inverse zero defect algorithm', 'http://dummyimage.com/216x100.png/5fa2dd/ffffff', '2023-01-21', 75071.04, 3279.32, 'jstatham@ymail.com');
insert into goals (name, description, image_src, target_date, target_amount, current_amount, user_id) values ('Bad Girls Go To Hell', 'Function-based demand-driven open architecture', 'http://dummyimage.com/132x100.png/cc0000/ffffff', '2023-02-17', 57849.4, 7937.34, 'jchan@aol.com');
insert into goals (name, description, image_src, target_date, target_amount, current_amount, user_id) values ('Tomorrow Night', 'Progressive well-modulated software', 'http://dummyimage.com/154x100.png/cc0000/ffffff', '2022-12-23', 98820.26, 6811.89, 'jchan@aol.com');
insert into goals (name, description, image_src, target_date, target_amount, current_amount, user_id) values ('Martin & Orloff', 'Vision-oriented needs-based internet solution', 'http://dummyimage.com/152x100.png/5fa2dd/ffffff', '2023-03-21', 30356.99, 5461.71, 'jchan@aol.com');
insert into goals (name, description, image_src, target_date, target_amount, current_amount, user_id) values ('Standing Still', 'Adaptive global open system', 'http://dummyimage.com/131x100.png/dddddd/000000', '2022-12-13', 62147.14, 3778.08, 'jchan@aol.com');
insert into goals (name, description, image_src, target_date, target_amount, current_amount, user_id) values ('Autumn Spring (Babí léto)', 'Focused explicit analyzer', 'http://dummyimage.com/185x100.png/dddddd/000000', '2023-04-10', 10479.34, 1536.62, 'jchan@aol.com');
insert into goals (name, description, image_src, target_date, target_amount, current_amount, user_id) values ('Days of Glory', 'Business-focused object-oriented policy', 'http://dummyimage.com/115x100.png/ff4444/ffffff', '2023-03-21', 97214.82, 8094.28, 'jchan@aol.com');
